url	verb	hash	graphname
https://api.gbif.org/v1/occurrence/search?recorded_by=Quentin%20Groom&recorded_by=Quentin%20Groom%20%26%20Henry%20Engledow&recorded_by=Quentin%20Groom%20%26%20Henry%20Engledown&taxon_key=2891642&advanced=1&occurrence_status=present	http://purl.org/pav/hasVersion	hash://sha256/73805b556d562d84cdb5224c6e8327b2de716bcde42b6ade8a81b802a5170f4d	urn:uuid:658c8129-db69-43d0-9e08-f8d30f796e1a
https://inaturalist-open-data.s3.amazonaws.com/photos/63650389/original.jpeg?1584361907	http://purl.org/pav/hasVersion	hash://sha256/a95acb97fa25262e681937a189c363543ff2f87615d9de735713a6fd45ec3b4b	urn:uuid:98eeb273-fe5c-4c43-8d4f-9ee51210e515
https://api.gbif.org/v1/occurrence/2580269711	http://purl.org/pav/hasVersion	hash://sha256/eacbc1c333998f1bd8523f23f6c910d384ae77ab9ce947f536f627aa4dd8792c	urn:uuid:95364180-9845-478e-b40b-c2891071c203
https://inaturalist-open-data.s3.amazonaws.com/photos/84187424/original.jpeg?1594652750	http://purl.org/pav/hasVersion	hash://sha256/f1b834a3a5bbff1cd13ded168a5d8392362c2d55c312b6dbbf13a158530e42ce	urn:uuid:54db3ebf-3217-4d9a-ada7-0c2bcbdc915a
https://api.gbif.org/v1/occurrence/2818518218	http://purl.org/pav/hasVersion	hash://sha256/e9710b4f818d6eb7b6f99f482ab7c3ae2509708a40e2c0e1c566dc6a623ff609	urn:uuid:ce4f14bc-2200-4cdf-b086-7125c623f097
https://inaturalist-open-data.s3.amazonaws.com/photos/84793329/original.jpeg?1594945410	http://purl.org/pav/hasVersion	hash://sha256/5373810033350de0ebe556745fb2bbc809eeb60e57f4e70f9707de982fbf654c	urn:uuid:c524a4d7-38dd-4afa-94d8-b7fee9c76683
https://api.gbif.org/v1/occurrence/2818660667	http://purl.org/pav/hasVersion	hash://sha256/a857b1fd386d6195d0e81788d87a586c28eb0e33627539608b4b64df6b934e3b	urn:uuid:a3bafd19-2ee3-457e-a077-11b4945f730c
https://inaturalist-open-data.s3.amazonaws.com/photos/84563917/original.jpeg?1594836040	http://purl.org/pav/hasVersion	hash://sha256/6ca7462f86dfed1ffc110518cd61b6e6864d73997e5c6283ef9721de60f54486	urn:uuid:10bdce64-866b-4dec-98c7-17a59b7ad590
https://api.gbif.org/v1/occurrence/2818680472	http://purl.org/pav/hasVersion	hash://sha256/83c1d50009d8a35126f8388e808084a181972d25f4cf7204f11177b22d9c9494	urn:uuid:a3f00610-cff3-4f69-8b66-7131ac7c45cb
https://inaturalist-open-data.s3.amazonaws.com/photos/84929330/original.jpeg?1595016328	http://purl.org/pav/hasVersion	hash://sha256/3157dc8dae861295f96626bbd0e0566abfb78c9bb9590a10c1fa86eafa09244a	urn:uuid:2bdc08d7-3eec-42d4-9276-1a86fafb30b6
https://api.gbif.org/v1/occurrence/2823197686	http://purl.org/pav/hasVersion	hash://sha256/92ae3e87d2b9265ccc857c1b1ad5cf48aca323186e3705181239ca3c171a2d7b	urn:uuid:620a916f-f37d-4a57-846c-cb28af36aa0c
https://inaturalist-open-data.s3.amazonaws.com/photos/84403557/original.jpeg?1594752599	http://purl.org/pav/hasVersion	hash://sha256/c541e1d1b730ddd443ca3de16441aca440c1e084ac4f4d0b8816f3c6576362f7	urn:uuid:3dd0df5d-72bc-496b-b8c6-dbef58005f15
https://api.gbif.org/v1/occurrence/2823321537	http://purl.org/pav/hasVersion	hash://sha256/3b07073f6d218a4d0013dd0d29808975619ed40032a3eabacf98e237ca68cf11	urn:uuid:c3488bd1-8edb-416b-bace-4c6979caef06
https://static.inaturalist.org/photos/90914356/original.jpeg?1597926889	http://purl.org/pav/hasVersion	hash://sha256/1ca8ad88b3c0317ef845143d1b3b12744a14a835870c7496c6485d6c1d6dd8af	urn:uuid:08ae5def-177d-4c48-933a-0900401656e3
https://api.gbif.org/v1/occurrence/2850722476	http://purl.org/pav/hasVersion	hash://sha256/8f6145fcdc26dc2566b7a836c3b1d3956b0b365d7ba149282f7ba0f6f1062e19	urn:uuid:8733aa15-bb1f-43e3-b7bb-7fc83057d626
https://inaturalist-open-data.s3.amazonaws.com/photos/90046888/original.jpeg?1597491334	http://purl.org/pav/hasVersion	hash://sha256/ffbc439a72c2ee9c148ecf3db3cdebed7debd01b3fcac38ce810a301f4f6f3f8	urn:uuid:4e7431c4-6ec1-4a6a-b3fb-0b2e9b4f9778
https://api.gbif.org/v1/occurrence/2850899842	http://purl.org/pav/hasVersion	hash://sha256/842b678535ac1e0993e419a2a24c6cd0ca9f701686a05e80db1338696e843655	urn:uuid:c1e32c47-8f84-4497-994b-e9f35557b3aa
https://inaturalist-open-data.s3.amazonaws.com/photos/90245341/original.jpeg?1597584066	http://purl.org/pav/hasVersion	hash://sha256/371268908c88cd9f7d4f330f66b613f2c34c42621f799b5389ffc73473a63a0a	urn:uuid:d1bdb4ff-13a2-4b44-b21c-cb39aa0d6c00
https://api.gbif.org/v1/occurrence/2850900014	http://purl.org/pav/hasVersion	hash://sha256/09f16c3e4f572b5f85c7af90a3540f0e0940912b5958166cb9f491361163e187	urn:uuid:155098f8-78a5-469d-b1fc-27a895da8e98
https://inaturalist-open-data.s3.amazonaws.com/photos/90631083/original.jpeg?1597769423	http://purl.org/pav/hasVersion	hash://sha256/45b101cbc85b713b1af77ff0baad68e37e4f0cbab067fba78bb75bd2a6e46faa	urn:uuid:67f8fe4f-89e0-4585-be84-eaa554beb2f4
https://inaturalist-open-data.s3.amazonaws.com/photos/90631055/original.jpeg?1597769413	http://purl.org/pav/hasVersion	hash://sha256/596174674a595f005af505e840f1c86bb639b3392a6143db7bda971fcc29f989	urn:uuid:810ef62f-0de6-4270-9e0b-f68100d83f56
https://api.gbif.org/v1/occurrence/2851299331	http://purl.org/pav/hasVersion	hash://sha256/20f341504daaaae1f909380d1029caf0b0bdce8393218439730419c2803eb209	urn:uuid:dc4ef35a-66db-4578-864e-7a1597b3b3d6
https://inaturalist-open-data.s3.amazonaws.com/photos/90913023/original.jpeg?1597925963	http://purl.org/pav/hasVersion	hash://sha256/fe74bf47eae3686a11209156b33bfdbb4d931d3c4fa44dafdc0579759b717c74	urn:uuid:d0e38c3f-fb6c-4aac-a9bd-89eeffa6817c
https://api.gbif.org/v1/occurrence/2851321487	http://purl.org/pav/hasVersion	hash://sha256/4e1bb9b602fc54b582bea68b970d31cbc8a997f87e7c0a9094b37ccf4e5f8513	urn:uuid:9a1b7338-1542-4cdc-90f0-4f7cf06bbab8
https://static.inaturalist.org/photos/91226500/original.jpeg?1598093539	http://purl.org/pav/hasVersion	hash://sha256/b5a84705904a2b08e88149aab629680e2dc37ddbfbb27165d8d8d87dcdbb06bd	urn:uuid:6ae22c5a-7385-40a1-a3a2-5f6c62ff0b73
https://api.gbif.org/v1/occurrence/2856617720	http://purl.org/pav/hasVersion	hash://sha256/f95eac662586e8652ecb020a154aadcfcf8809f28eeffe75e42c598b5250eba8	urn:uuid:113a1b66-5e69-4212-bbd2-20a6f0f0d04c
https://inaturalist-open-data.s3.amazonaws.com/photos/91260147/original.jpeg?1598109710	http://purl.org/pav/hasVersion	hash://sha256/7fe5842b6e49e8c32ab7069255474ea30419bcc9edf7dad029d48f03e4a34ade	urn:uuid:421712ca-d17e-40b6-9b8d-30fe58d609f4
https://api.gbif.org/v1/occurrence/2856622734	http://purl.org/pav/hasVersion	hash://sha256/0d5d158de2d8cdc291e70aa98bc75605638a213d430d7feb092ece9bd661e4dd	urn:uuid:92225952-cacb-487a-9906-76800ec763bd
https://static.inaturalist.org/photos/91272701/original.jpeg?1598113922	http://purl.org/pav/hasVersion	hash://sha256/eebadc53ab475a7fded4e22bd0fefab32e62844701103d074b8b264bfbf7b00c	urn:uuid:03329b40-336b-439b-bcce-1d4d4c2c1dd3
https://api.gbif.org/v1/occurrence/2862451498	http://purl.org/pav/hasVersion	hash://sha256/504b571ded8fb0818a154d010d38ae8a169ee30ec7860e459301731e816d28e5	urn:uuid:1171781e-25a2-4527-bdbb-bad4222559a7
https://inaturalist-open-data.s3.amazonaws.com/photos/32006730/original.jpeg?1551112073	http://purl.org/pav/hasVersion	hash://sha256/ce95ff76c0178667427544a07c62815b98bc00230ccbcda8e9b6af5ba8afed41	urn:uuid:0bc637a9-2098-4a6f-a0a2-a3bfc7766889
https://api.gbif.org/v1/occurrence/2006072102	http://purl.org/pav/hasVersion	hash://sha256/73db6ed6c2c861a121eb0021522e9ab54130962ca1d131d81070ee4ee022df23	urn:uuid:d1fadfd2-9416-43b6-a707-545b0c71f847
https://inaturalist-open-data.s3.amazonaws.com/photos/32051917/original.jpeg?1551202417	http://purl.org/pav/hasVersion	hash://sha256/105e7fc49a8ecf301769de6c08770a89eebdac7a109ea756d1f16834d1a684bc	urn:uuid:a8195450-8c57-4d27-8911-5392c3a58eaa
https://inaturalist-open-data.s3.amazonaws.com/photos/32051941/original.jpeg?1551202445	http://purl.org/pav/hasVersion	hash://sha256/82bc7413b5654e410e8034beae41941f300ec74be41c62795839370aab70757c	urn:uuid:bdb1026b-e56e-40a4-a4d0-e6907f5bf114
https://api.gbif.org/v1/occurrence/2006081505	http://purl.org/pav/hasVersion	hash://sha256/a49375a84456e9c0d33b39732190585514ebbab8931fede5a96779aacc47ca08	urn:uuid:53256975-5946-4f08-a52f-bda442edfe10
https://inaturalist-open-data.s3.amazonaws.com/photos/32088547/original.jpeg?1551280802	http://purl.org/pav/hasVersion	hash://sha256/fa5015213a3768c6e8411f3e0d2c6fdd2c513ca51897d091363fc4bdc41ece1b	urn:uuid:55268257-08a7-41bf-9880-a415e5b6bb93
https://inaturalist-open-data.s3.amazonaws.com/photos/32088573/original.jpeg?1551280841	http://purl.org/pav/hasVersion	hash://sha256/09702197301504ce06ad626d9ff0071bb357e158cf196c769aa51fdcbff0f506	urn:uuid:27cc10f7-0a96-49ff-86dd-fd3fa730d908
https://api.gbif.org/v1/occurrence/2006089172	http://purl.org/pav/hasVersion	hash://sha256/a8d75353436ee816126b0c86419da2ed05dc4f31ec5a81beb9b8f00418cd3bcd	urn:uuid:9819822d-a3d7-4739-9d8d-f508b526327f
https://inaturalist-open-data.s3.amazonaws.com/photos/32209382/original.jpeg?1551529549	http://purl.org/pav/hasVersion	hash://sha256/837e442439159e8bc8d6a17d079851c1a755f12b8f7ee2aa3f103747de82db4b	urn:uuid:9490267c-e3a5-411f-abe0-d37d7880f4dd
https://api.gbif.org/v1/occurrence/2012970015	http://purl.org/pav/hasVersion	hash://sha256/42eacdd36e7af6dccf4c10a81db382b90c6cc77f9b83f5ff3ad5ef3aea13acec	urn:uuid:6a738537-11a9-4f76-b54c-bdd130c54f21
https://inaturalist-open-data.s3.amazonaws.com/photos/31455144/original.jpeg?1550261607	http://purl.org/pav/hasVersion	hash://sha256/3a8c7e795c3bd9b42f8043da2373c539b6f38440c1326778451fe5dd5d7afdef	urn:uuid:e73b5bbe-76fd-4fa4-b6d0-ca13c279d59f
https://inaturalist-open-data.s3.amazonaws.com/photos/31455021/original.jpeg?1550261424	http://purl.org/pav/hasVersion	hash://sha256/4759076c553f670edc0ed2dc6890e35d5c3521c7c42166e6f2c2720549c40911	urn:uuid:9425ca3e-f50f-4056-9b7c-640624db47c3
https://inaturalist-open-data.s3.amazonaws.com/photos/31454977/original.jpeg?1550261346	http://purl.org/pav/hasVersion	hash://sha256/e1083443875b7be95307e71e1f7e2b4dd735906ae6c4255504c5ffb892641026	urn:uuid:b338db39-dcfa-420b-bcd1-9b6037ad3b6f
https://api.gbif.org/v1/occurrence/2422824974	http://purl.org/pav/hasVersion	hash://sha256/639dbce9f878f28462547f4c672dd1b7b9356f6a13415c897c605810ed2e53ed	urn:uuid:fa3c9b70-a2ef-470a-a25e-e07d766a84df
https://inaturalist-open-data.s3.amazonaws.com/photos/32726314/original.jpeg?1552381927	http://purl.org/pav/hasVersion	hash://sha256/ac0a6666ffdd602158f00257b2d2173e0f63273c272676510289f3614323ae09	urn:uuid:6172a781-4d1f-4b81-a2a5-22e50a7ceb29
https://api.gbif.org/v1/occurrence/2013738240	http://purl.org/pav/hasVersion	hash://sha256/606e9090153a7a2bf85023264642b177aee140766a1bca03188b23d1ae2fa962	urn:uuid:618078bf-5ff2-4630-9378-bbfb3f72a8ee
https://api.gbif.org/v1/occurrence/search?recorded_by=Quentin%20Groom&recorded_by=Quentin%20Groom%20%26%20Henry%20Engledow&recorded_by=Quentin%20Groom%20%26%20Henry%20Engledown&taxon_key=2891642&advanced=1&occurrence_status=present&offset=20&limit=20	http://purl.org/pav/hasVersion	hash://sha256/9dab62b23312bcff1dc7086356d41f492d506c924c2cb8accad72977c27baffb	urn:uuid:3a3fe6da-b22c-4298-92a7-4cfd4daac8a9
https://api.gbif.org/v1/occurrence/search?recorded_by=Quentin%20Groom&recorded_by=Quentin%20Groom%20%26%20Henry%20Engledow&recorded_by=Quentin%20Groom%20%26%20Henry%20Engledown&taxon_key=2891642&advanced=1&occurrence_status=present&offset=40&limit=20	http://purl.org/pav/hasVersion	hash://sha256/ca48e67d374496de995e77525ae538f75ff3f6220c1b7e04206ffcdcca8e237d	urn:uuid:ee2b9bcc-b9e3-4b42-9b72-4619a4a0bbff
https://api.gbif.org/v1/occurrence/search?recorded_by=Quentin%20Groom&recorded_by=Quentin%20Groom%20%26%20Henry%20Engledow&recorded_by=Quentin%20Groom%20%26%20Henry%20Engledown&taxon_key=2891642&advanced=1&occurrence_status=present&offset=60&limit=20	http://purl.org/pav/hasVersion	hash://sha256/efa5200419a2dde759807bdd348bcd08cb797c6d361f2e6924d676628a418327	urn:uuid:508e5c5c-eb05-4b28-ac4d-ba6da0eed007
https://api.gbif.org/v1/occurrence/search?recorded_by=Quentin%20Groom&recorded_by=Quentin%20Groom%20%26%20Henry%20Engledow&recorded_by=Quentin%20Groom%20%26%20Henry%20Engledown&taxon_key=2891642&advanced=1&occurrence_status=present&offset=80&limit=20	http://purl.org/pav/hasVersion	hash://sha256/335672068e75784e846aab814e44c4fd3c9b5407b5308acd71912bf9b0e3143a	urn:uuid:d5f1af7e-b964-410f-9525-1bd7302b1240
https://api.gbif.org/v1/occurrence/search?recorded_by=Quentin%20Groom&recorded_by=Quentin%20Groom%20%26%20Henry%20Engledow&recorded_by=Quentin%20Groom%20%26%20Henry%20Engledown&taxon_key=2891642&advanced=1&occurrence_status=present&offset=100&limit=20	http://purl.org/pav/hasVersion	hash://sha256/30eb16702569444f7389f22f61341db7c1193c3cd1152291cb7bd2928bf13f4b	urn:uuid:aba29293-9e2b-461d-ba72-b85f8ee777dd
https://api.gbif.org/v1/occurrence/search?recorded_by=Quentin%20Groom&recorded_by=Quentin%20Groom%20%26%20Henry%20Engledow&recorded_by=Quentin%20Groom%20%26%20Henry%20Engledown&taxon_key=2891642&advanced=1&occurrence_status=present&offset=120&limit=20	http://purl.org/pav/hasVersion	hash://sha256/dfb0861534800ac6a17bce05e7cc9228df8d06a40c2dbc556864bd25f1e673a3	urn:uuid:a439f743-aa96-40ae-a777-ce5a7a3a398e
https://inaturalist-open-data.s3.amazonaws.com/photos/34185219/original.jpeg?1554540215	http://purl.org/pav/hasVersion	hash://sha256/17d9031294b0dec48a8f66cf619026e2686c05265665557c50c1d5cc424c2b14	urn:uuid:d072afe1-08a2-481f-8256-ae84865505e3
https://api.gbif.org/v1/occurrence/2609073065	http://purl.org/pav/hasVersion	hash://sha256/0823994171f6fad28e842b82cbecb4ea1be875f3fd732295c4ca9599ee8c7732	urn:uuid:c76a2d33-d487-4cca-a9eb-4d6b0d4cadb1
https://inaturalist-open-data.s3.amazonaws.com/photos/41745839/original.jpeg?1560357920	http://purl.org/pav/hasVersion	hash://sha256/2275d45bbc2c7a3f5e1164903e7c823e650290740d1f552e08b22d36da12b029	urn:uuid:cc784781-4912-45ae-afae-90bfff0015f6
https://api.gbif.org/v1/occurrence/2429210028	http://purl.org/pav/hasVersion	hash://sha256/9157364237bc31a31321c1443dff9c399fc3ba1f0dc11e78f9bc1e9d0adf7fb9	urn:uuid:f332a5e1-a105-4e14-b818-ba4c08e6ffdd
https://inaturalist-open-data.s3.amazonaws.com/photos/45185923/original.jpeg?1563320425	http://purl.org/pav/hasVersion	hash://sha256/11edda1d15ed167510ba806aba51fcd8c5af55e617f80a91bc9eb71f51215590	urn:uuid:14bbc02a-efce-4d2e-8ea2-59ff40cd9bd9
https://api.gbif.org/v1/occurrence/2465112190	http://purl.org/pav/hasVersion	hash://sha256/4caea95fb28af1a9d3f6d5e98bf78f152b27b9fefba2c363248a08be673510b2	urn:uuid:3050cc6d-141b-4811-b70e-2d8bd63854a3
https://inaturalist-open-data.s3.amazonaws.com/photos/48423305/original.jpeg?1566010642	http://purl.org/pav/hasVersion	hash://sha256/589adde77197219df2603ef2b6be7fd8f30231f22452c131b5873ec26bbea7aa	urn:uuid:5d11c76c-690b-4ea7-a26d-134bcdad26f5
https://api.gbif.org/v1/occurrence/2366060041	http://purl.org/pav/hasVersion	hash://sha256/726c07c46611a3ff3bee052524a905a2300dc1448fd76816b825b6ebd3f452fe	urn:uuid:db880465-acf5-4272-b4ea-b656979260cf
https://inaturalist-open-data.s3.amazonaws.com/photos/48423297/original.jpeg?1566010632	http://purl.org/pav/hasVersion	hash://sha256/847635a3ebc4339fa714b43b7311ea45ecfb90adf532a50dfb8532168cbd978a	urn:uuid:d4a4005d-b7e5-4202-8af8-e8a8883bcf3b
https://api.gbif.org/v1/occurrence/2366060720	http://purl.org/pav/hasVersion	hash://sha256/6df627167b798399c542e046747f0583b54f9620a5ffdd5191d0ceb5d0fa8480	urn:uuid:5c8dbea9-c1f7-4de8-8fc1-a15ed02134c7
https://inaturalist-open-data.s3.amazonaws.com/photos/48847803/original.jpeg?1566378148	http://purl.org/pav/hasVersion	hash://sha256/9cad773521fccf8f522a18e97eb1a48e8fc62d090e7586769608f9fa6193a14c	urn:uuid:c558e1ef-09dc-47c7-9498-544e0745933a
https://inaturalist-open-data.s3.amazonaws.com/photos/48847810/original.jpeg?1566378153	http://purl.org/pav/hasVersion	hash://sha256/3aa0335df71d14cc536f6df9991f67857c1ef5773c4732c26f7a8a0a55774d30	urn:uuid:47bfe94c-f9eb-4fa4-a6fd-84d6f4dc813d
https://api.gbif.org/v1/occurrence/2366130868	http://purl.org/pav/hasVersion	hash://sha256/c720b5eb4cef60e533ea0123f861798aa8dd63095b1752c625c55781cad8405c	urn:uuid:09ca84af-62f0-4ee5-b150-3591cdacb56a
https://inaturalist-open-data.s3.amazonaws.com/photos/48531123/original.jpeg?1566101283	http://purl.org/pav/hasVersion	hash://sha256/9c9d1fe15a1e6778b49f7e6ee7664175f28b2d0941414ae6290034a6f104f7fb	urn:uuid:4a74eda2-514c-4efb-b038-ec5b1f5a97a7
https://api.gbif.org/v1/occurrence/2397504311	http://purl.org/pav/hasVersion	hash://sha256/ce8aaa547480993e4003e7c8dc5b49c9a128d9b79bb5b07246833347c53cd081	urn:uuid:ee1fa537-3ca8-42df-b3cc-901040129dd5
https://inaturalist-open-data.s3.amazonaws.com/photos/49378564/original.jpeg?1566825464	http://purl.org/pav/hasVersion	hash://sha256/c5119403bfa450c7c5e57b8c1c240379652c6349f0cca6a0909f74ffeb0bcef5	urn:uuid:f8771c4a-eb60-4340-9e2a-0a12be2a8412
https://inaturalist-open-data.s3.amazonaws.com/photos/49378558/original.jpeg?1566825459	http://purl.org/pav/hasVersion	hash://sha256/228ffc1156c2a7f0a798205e56a1d5db7e794b75f869c448d30fdb42b708a9af	urn:uuid:d50ba4b4-136c-45bf-a787-a217475477e7
https://inaturalist-open-data.s3.amazonaws.com/photos/49378567/original.jpeg?1566825471	http://purl.org/pav/hasVersion	hash://sha256/0b68f56dc8e418e289d894995f2f3271258e90242119b893388bff02acd311d1	urn:uuid:4731507a-ae10-46ba-9642-4a80064178d3
https://api.gbif.org/v1/occurrence/2397572128	http://purl.org/pav/hasVersion	hash://sha256/e6cd6096d9ba1a3644faa892c81d3dd599ef9b7548085bf747124711c33ce5a3	urn:uuid:3d6af089-2f83-40a3-b1d4-da4ab6bad16f
https://inaturalist-open-data.s3.amazonaws.com/photos/49123571/original.jpeg?1566631926	http://purl.org/pav/hasVersion	hash://sha256/b67d96808c2d8e602247bf9174c1c2862fc3c05dfe4bc54e2af588103866521e	urn:uuid:31c6e273-a4fc-4f9f-9947-88891a6dc8c7
https://inaturalist-open-data.s3.amazonaws.com/photos/49123567/original.jpeg?1566631916	http://purl.org/pav/hasVersion	hash://sha256/8eb7de19f38c538d5b801c8d3213381a5a5a1be876ed81df1eceb4cc4d4a276e	urn:uuid:888cc10d-d149-4a63-8171-3de360aedc9f
https://inaturalist-open-data.s3.amazonaws.com/photos/49123569/original.jpeg?1566631920	http://purl.org/pav/hasVersion	hash://sha256/8c7c22199c897073f3bb89f43b61d5ec47f41e2e7aa886b354e0c77106eaaa1f	urn:uuid:205cb7dd-d06d-4995-9a2b-151b2131bf28
https://api.gbif.org/v1/occurrence/2422881795	http://purl.org/pav/hasVersion	hash://sha256/d7d84a670516c413b385906ab13f051c34031e8861af46189f1270d0450bebcc	urn:uuid:fa529d34-28bb-4947-8559-1d130973daac
https://inaturalist-open-data.s3.amazonaws.com/photos/52608939/original.jpeg?1569611424	http://purl.org/pav/hasVersion	hash://sha256/812e3033de00e53865b7145bab5574fc8a3ac1cfc9165b00028eb53930c3414d	urn:uuid:c5516569-7955-4531-9ee2-eed70edb77d0
https://api.gbif.org/v1/occurrence/2429272303	http://purl.org/pav/hasVersion	hash://sha256/f22d513345aafefdc0cdb22589b1a8c76f7fa48f19cc5a1ae46ad429c9733eab	urn:uuid:9f4c3fff-30ce-4f18-accf-fef90cba6fb8
https://inaturalist-open-data.s3.amazonaws.com/photos/52608874/original.jpeg?1569611358	http://purl.org/pav/hasVersion	hash://sha256/89c3c7c3079c57314dcd6e4a0e12885557d37f527d546e682c8851d0e20db005	urn:uuid:29eea845-a7a9-48eb-9085-1467d00790e5
https://api.gbif.org/v1/occurrence/2429272318	http://purl.org/pav/hasVersion	hash://sha256/3d061984f6855fe671add764081e66521f4c0001c1aff562a71c17cb386eb389	urn:uuid:2794d10e-f724-46a7-8d87-ce17341781a6
https://inaturalist-open-data.s3.amazonaws.com/photos/53032858/original.jpeg?1570013347	http://purl.org/pav/hasVersion	hash://sha256/cac623603f247b6d8228bae7fa76df3c600af79dafbf03c167a2159cf0bfae77	urn:uuid:78af8a90-1aa0-435c-921c-eacec5c6dfab
https://inaturalist-open-data.s3.amazonaws.com/photos/53032841/original.jpeg?1570013327	http://purl.org/pav/hasVersion	hash://sha256/a0b4c8082cf83a47ae23f7e5f8c0b4865e68d7e028458672c0fefd03096d3885	urn:uuid:381a4393-cec9-4c68-ad47-9380dac499bf
https://inaturalist-open-data.s3.amazonaws.com/photos/53032847/original.jpeg?1570013335	http://purl.org/pav/hasVersion	hash://sha256/e131d8c2bf3be9e16b5f1490bed64ae06b3e7b81eb3b331cc911c721171a88cb	urn:uuid:bcceae9e-e827-4691-96ac-23e6e2a6b73b
https://api.gbif.org/v1/occurrence/2429342962	http://purl.org/pav/hasVersion	hash://sha256/742784e5bc0c324b3fec778f02d09754d0b222ce0903e5aa599297eec93b21cd	urn:uuid:17253050-a06f-439f-8680-f0b8baef2dcc
https://inaturalist-open-data.s3.amazonaws.com/photos/53032895/original.jpeg?1570013391	http://purl.org/pav/hasVersion	hash://sha256/ab9c5f035a8b49c0e0cb6055a51a190012e7468b0cb7b8d44a5248d053f49b38	urn:uuid:8568be0b-a735-4253-9f0f-1d3c82a3695b
https://api.gbif.org/v1/occurrence/2429343859	http://purl.org/pav/hasVersion	hash://sha256/b70d23c51478eac5faf95294338aa0b0f48c87a6ccf627ed1d43603147031317	urn:uuid:b467d579-08ee-4a5d-8750-10436d0d891f
https://inaturalist-open-data.s3.amazonaws.com/photos/53180930/original.jpeg?1570173531	http://purl.org/pav/hasVersion	hash://sha256/2bbd54025b7f17e8192f977d54bb3ec2206f379cbd9886134a029d5ec979f390	urn:uuid:fa3dac62-a8e6-4214-8503-a977c1ed3c02
https://api.gbif.org/v1/occurrence/2429369262	http://purl.org/pav/hasVersion	hash://sha256/c0f4b0deb7d73209babf8fad5530a4f1ebb8963b94f467acc7560c5cbdd7ba0b	urn:uuid:47da5d26-215c-4c1c-a7e6-5e3e604b8590
https://inaturalist-open-data.s3.amazonaws.com/photos/54846871/original.jpeg?1571900677	http://purl.org/pav/hasVersion	hash://sha256/aaf244ed5718aebc0f219e6d6c0a0c2fd424d8fb9085a8a09774ad1a2d064ebb	urn:uuid:9b8e154b-8ca9-463f-a959-ebd7c6c8ba1f
https://api.gbif.org/v1/occurrence/2445089032	http://purl.org/pav/hasVersion	hash://sha256/a9ce5d012a40876cb9bf978008f7f921e835def7b080a2cc929d416a4fc2c4b2	urn:uuid:253a6322-6e1c-4561-a946-76ad2b7f26f3
https://inaturalist-open-data.s3.amazonaws.com/photos/55549132/original.jpeg?1572797257	http://purl.org/pav/hasVersion	hash://sha256/65cfb7049f5b9e70db8277e0f45aa17571ede492e3410e1e778b1f009f28d0e1	urn:uuid:7ffd6983-0348-4125-aebe-85c7585c82c6
https://api.gbif.org/v1/occurrence/2451706089	http://purl.org/pav/hasVersion	hash://sha256/d940306753f105332a070f054336cb396e657d1716a544416147a300c44fdfec	urn:uuid:0488b2d0-8e36-4239-bf5d-4e8fc872719e
https://inaturalist-open-data.s3.amazonaws.com/photos/55972417/original.jpeg?1573322042	http://purl.org/pav/hasVersion	hash://sha256/f3ce53b2f470e5a83686b0aee4da20b7f737720b718f5cd499987b03810f1193	urn:uuid:b300aef8-15e5-4cc1-94e0-a436d080ce72
https://api.gbif.org/v1/occurrence/2456536004	http://purl.org/pav/hasVersion	hash://sha256/ffecaf1a4a3fb71fbfe80bdea53aea5322798e81ce8dde7e5d4788d5481c8c0d	urn:uuid:6b75675e-0cd5-463e-8de6-11433e54c405
https://inaturalist-open-data.s3.amazonaws.com/photos/55971386/original.jpeg?1573320845	http://purl.org/pav/hasVersion	hash://sha256/04b8bcffb43df7c0fe8da01e00662d6591c223bceaf0fcced7d58a7bdf2c6696	urn:uuid:2cd7b41b-b320-4b35-9f8e-c09e9d14fada
https://api.gbif.org/v1/occurrence/2456536631	http://purl.org/pav/hasVersion	hash://sha256/5ed35dbfd62ad971cefe6e866bb4ec43542dafc52b888b864be74831adeea180	urn:uuid:3764c2fc-e27c-44fd-a9c6-da1f19dbcb97
https://inaturalist-open-data.s3.amazonaws.com/photos/56715003/original.jpeg?1574367395	http://purl.org/pav/hasVersion	hash://sha256/70fcb672d5f128dd874ed977e8604f440fac5cf22dffd61dcf37476afadcd959	urn:uuid:9aab7354-8348-4ef3-84f3-5a5e67cf6fab
https://inaturalist-open-data.s3.amazonaws.com/photos/56715032/original.jpeg?1574367443	http://purl.org/pav/hasVersion	hash://sha256/043cd592973e005e926164635df5f7d909b22bf879f79d61f3fa1ee42a8f2c43	urn:uuid:25e79af1-50d3-40c3-9ff3-2062880b1eb7
https://api.gbif.org/v1/occurrence/2460038820	http://purl.org/pav/hasVersion	hash://sha256/a49d60b8a929e4bd78785a76b64bd3d64286fc9565b3901502c10b1cb9501a20	urn:uuid:9cd4b6d8-8d2f-4d38-aa90-0dc85c843755
https://inaturalist-open-data.s3.amazonaws.com/photos/56876214/original.jpeg?1574601473	http://purl.org/pav/hasVersion	hash://sha256/8c6a04c517391f7c2c7d2d7a658d77116f694acf7421c9d409157d95bd382048	urn:uuid:9f25d6d6-7234-40bd-a7ab-138784339521
https://api.gbif.org/v1/occurrence/2465194020	http://purl.org/pav/hasVersion	hash://sha256/85ed08320ad53b615eba555c5159727dee435a11631e1f112676fe4c3b38deb4	urn:uuid:becacb76-4ae2-44b5-bd64-35b9a2af6616
https://inaturalist-open-data.s3.amazonaws.com/photos/57398332/original.jpeg?1575387129	http://purl.org/pav/hasVersion	hash://sha256/e75d52207a014973cc8a5e30ff37744662060e7519d25d42536a84b260caee8a	urn:uuid:2625a1f5-0fc9-47f5-9e3c-f429fd138159
https://inaturalist-open-data.s3.amazonaws.com/photos/57398361/original.jpeg?1575387169	http://purl.org/pav/hasVersion	hash://sha256/82384b444e48db497e8f7fa40d533c87e908c121ac5d3b7f50487850a81a399e	urn:uuid:56fa8f23-a95b-448e-8982-40f4e5da8b08
https://inaturalist-open-data.s3.amazonaws.com/photos/57398377/original.jpeg?1575387195	http://purl.org/pav/hasVersion	hash://sha256/4d9757632b6f04832f721c36abefa9f4c92293b7f59a9c0bbcb00770f188c87d	urn:uuid:5ed03198-031b-4fbe-882e-2ba036a3f90c
https://api.gbif.org/v1/occurrence/2465153701	http://purl.org/pav/hasVersion	hash://sha256/018d233c00e131c75021b1d0dad81cbeb992d8389ede7a9892f1a811db2e0d07	urn:uuid:512a38e9-55f4-4502-842c-aab5abfa35e9
https://inaturalist-open-data.s3.amazonaws.com/photos/57604390/original.jpeg?1575745665	http://purl.org/pav/hasVersion	hash://sha256/5894a3fcdb14fd80a99b1d1e6e40ac42a3a6cfeebf0754ee9eecee7fd1fcd71b	urn:uuid:112f0efe-e5e4-415c-afb6-daa1add748d5
https://api.gbif.org/v1/occurrence/2517987142	http://purl.org/pav/hasVersion	hash://sha256/d9b1e19bbc79002992ba012ddc1c1d1d29bfae345fac37289a4c1c1fcad4273b	urn:uuid:25ba59f6-e622-442a-83da-780c19be6a15
https://inaturalist-open-data.s3.amazonaws.com/photos/57599317/original.jpeg?1575738961	http://purl.org/pav/hasVersion	hash://sha256/96c43c2a8fac4e0549877b9fa5c49af53aede85bfc6500c95d2f11fa7dcfb714	urn:uuid:2520e53a-d249-47f2-a40b-3dff306f87ea
https://api.gbif.org/v1/occurrence/2518132294	http://purl.org/pav/hasVersion	hash://sha256/6114d05f7c5249a676754119cb3f94d842c1d5037e1931e7c865ad9b0b485028	urn:uuid:3590db19-6349-4c55-9af3-b573a6655f35
https://inaturalist-open-data.s3.amazonaws.com/photos/57604764/original.jpeg?1575746166	http://purl.org/pav/hasVersion	hash://sha256/412330139d29f53f07616b1a562a654fb55b7323097eb1095fda2f1931da87e4	urn:uuid:1133a12c-59bb-4796-af1a-809866d47f28
https://api.gbif.org/v1/occurrence/2518132932	http://purl.org/pav/hasVersion	hash://sha256/8e679f662b9eb7ee8f45a8baa29b9696fda883a8482fb8c3f7ee83308aa5d554	urn:uuid:91ccd2a2-ae13-4cb6-9e11-b91fca28ec37
https://inaturalist-open-data.s3.amazonaws.com/photos/58292588/original.jpeg?1576966220	http://purl.org/pav/hasVersion	hash://sha256/f93e2ed6d07d073c6ade707b1e2137c126baba7efb54568e10bb0ae5c7f42d5e	urn:uuid:f30ac02b-7bf6-48d2-a936-84576c03ed88
https://api.gbif.org/v1/occurrence/2540804907	http://purl.org/pav/hasVersion	hash://sha256/70fab1173a33731d08d9ba44fe04bad96bf4d72d5a9fa1d72c0b955330bc5c1f	urn:uuid:25b88a6b-8b01-4971-8e64-24b28a90844b
https://inaturalist-open-data.s3.amazonaws.com/photos/13835164/original.jpeg?1519972821	http://purl.org/pav/hasVersion	hash://sha256/3ef6dd85ab1fef893f79fd2365edc75faa5fbe000bafc7c3127f4f0209022161	urn:uuid:12c80945-3478-4a1d-9b30-d846ba73e39e
https://api.gbif.org/v1/occurrence/1838302953	http://purl.org/pav/hasVersion	hash://sha256/42542f38bd9cc1b5cc3d04b73ad23f4efe7a9900fab7b0f12613270038fdbbf9	urn:uuid:7e82049d-a62a-4b59-902d-04cbadc52235
https://inaturalist-open-data.s3.amazonaws.com/photos/13835139/original.jpeg?1519972748	http://purl.org/pav/hasVersion	hash://sha256/379bfa913c36623e80be5b4f6fe101a461ae5eeb88b59a7fa86d17ae44d7bacb	urn:uuid:6f4e6077-03be-4d3d-bdb2-1391beb3b33b
https://api.gbif.org/v1/occurrence/1850891533	http://purl.org/pav/hasVersion	hash://sha256/43c8c9ba7e509ec23a0fb3c4ccc76f4c570a23767f96b64a28e37931e0e773fe	urn:uuid:4d7810cd-5ace-4aae-a50f-c354cc18c59f
https://inaturalist-open-data.s3.amazonaws.com/photos/13835150/original.jpeg?1519972783	http://purl.org/pav/hasVersion	hash://sha256/d7c5a22d854931986ce3eb8729635ce5c3e86b693f008a736a359b3a1095d1b8	urn:uuid:fa62a67e-58ca-4937-810c-844062228586
https://inaturalist-open-data.s3.amazonaws.com/photos/13835147/original.jpeg?1519972775	http://purl.org/pav/hasVersion	hash://sha256/50f19bcdce4d7ca4f92ac81341480dd70546e07bc294e34001fefbbf082d444b	urn:uuid:88ebf4c0-d8f6-442a-9d29-6be24263a24a
https://api.gbif.org/v1/occurrence/1850891646	http://purl.org/pav/hasVersion	hash://sha256/7ee020e79530b27c3f27aff8c0bc78002a6b0a719ba363d2c5b62ff6ce251594	urn:uuid:a83ed4ec-2ca6-4c57-9dc7-bc4f39d973d6
https://inaturalist-open-data.s3.amazonaws.com/photos/16326626/original.jpeg?1524728311	http://purl.org/pav/hasVersion	hash://sha256/f4ad62b27082e2a9e37f182510beb3da05b0b10a4b7e0b8a9ee9865a8e83d2d3	urn:uuid:f4fa67b7-0204-4618-b807-47b76be5685f
https://api.gbif.org/v1/occurrence/1839268157	http://purl.org/pav/hasVersion	hash://sha256/e3dea97f9904721e023d873e24f73092ade25fe856b8cc453eeabe6a33e3522f	urn:uuid:1dbe60c3-014d-4b4f-9120-cca79e20fef7
https://inaturalist-open-data.s3.amazonaws.com/photos/16326587/original.jpeg?1524728223	http://purl.org/pav/hasVersion	hash://sha256/9595bf7791c9cbfd11debe7f1fa655b15438807cfe94baa74f687c7f9a49dfd1	urn:uuid:3167493f-988d-48ff-94c5-39513678eb22
https://api.gbif.org/v1/occurrence/1839268481	http://purl.org/pav/hasVersion	hash://sha256/bf4ea8661e1d38c76a875e3c6bfe3c0d7a1e8e92ad0eae0252d9e260348ecb47	urn:uuid:7c7e3423-547a-49e9-a15b-a06dc0de83a5
https://inaturalist-open-data.s3.amazonaws.com/photos/17183011/original.jpeg?1525190321	http://purl.org/pav/hasVersion	hash://sha256/41d53024ecec274a16849df3ca150309fe7ba759e27b8ce66d830091522f2df1	urn:uuid:e12d5686-0337-4532-86d6-73b2c5f7f518
https://api.gbif.org/v1/occurrence/1841299274	http://purl.org/pav/hasVersion	hash://sha256/3c93a6bc314d8b428586ca193ea523688aac30e70a4821c0c3913bf1f9364b34	urn:uuid:9543b31a-8559-4985-a1a3-8db4654592a2
https://inaturalist-open-data.s3.amazonaws.com/photos/17183377/original.jpeg?1525190590	http://purl.org/pav/hasVersion	hash://sha256/59856a88a7f5c09f25e3ca5780ecffa4d96a567c14d852cd2c2916e53d9a182c	urn:uuid:ef5a695a-674e-486d-82a2-a75c17838d0b
https://api.gbif.org/v1/occurrence/1841299342	http://purl.org/pav/hasVersion	hash://sha256/eca4e841aa5dd411fa350b8b3ddb10b4e4bba2c1a643377e0a88ebe8218eb04b	urn:uuid:36c058d9-fe72-4b98-84f9-96fdf25c1c46
https://inaturalist-open-data.s3.amazonaws.com/photos/17183757/original.jpeg?1525190832	http://purl.org/pav/hasVersion	hash://sha256/834f74cbff01e19d42f8ab29dc02d1d4caf8357f1ed288d2672346dada3edad7	urn:uuid:8c33fb9d-ec65-4a18-89ba-e404ee44446f
https://api.gbif.org/v1/occurrence/1847429738	http://purl.org/pav/hasVersion	hash://sha256/407478b59a78fc194be56b85f09fdccbd12514a28d892ba1ba32367b8c1875ca	urn:uuid:7db31038-4455-4150-8710-9c23d87ed4da
https://inaturalist-open-data.s3.amazonaws.com/photos/17184039/original.jpeg?1525191071	http://purl.org/pav/hasVersion	hash://sha256/9496d9f74e205844ebbe59a9c4fc096da69a225153cc021e074a1adbdcbcebca	urn:uuid:714eedcf-201c-41e6-848e-d22761a73362
https://api.gbif.org/v1/occurrence/1847429744	http://purl.org/pav/hasVersion	hash://sha256/6bf7fa542cd86213fad293b1e99dc966a8a2a6a29ae08be6acfe24f20a556b86	urn:uuid:02f35d6f-4482-47bc-b51c-3ce1c200a932
https://inaturalist-open-data.s3.amazonaws.com/photos/17183968/original.jpeg?1525191005	http://purl.org/pav/hasVersion	hash://sha256/721d0b1f2aa4eb54418ef50ace6339a31c20931843a505f4ff175c04faf4dbb1	urn:uuid:8af8e3a4-93ce-4475-86df-380eb79227ec
https://api.gbif.org/v1/occurrence/1847429750	http://purl.org/pav/hasVersion	hash://sha256/e50cfa84281723b0e50ace3ef8627787e81299b18c3d46c1ef36430c329e5d83	urn:uuid:03f59917-0999-47b8-b035-2b6c5586978b
https://inaturalist-open-data.s3.amazonaws.com/photos/17184015/original.jpeg?1525191050	http://purl.org/pav/hasVersion	hash://sha256/c6a62c4ff2403e547083d353c58266dd869975b93c9c5e99e104a1a64f5c5d94	urn:uuid:6795b732-39d3-4c4c-a51c-957ea69e2e79
https://inaturalist-open-data.s3.amazonaws.com/photos/17184006/original.jpeg?1525191042	http://purl.org/pav/hasVersion	hash://sha256/4119bbcb53a2b4c7398175333869d38bad33b2bcb3b7bb013fa5d9589c965702	urn:uuid:37bc2d75-8959-41dd-b84d-f5f3666225fd
https://inaturalist-open-data.s3.amazonaws.com/photos/17184023/original.jpeg?1525191059	http://purl.org/pav/hasVersion	hash://sha256/1e807accb08dcb3867128b960e2af366d65f64693fad9e6b26e7310efdcba00b	urn:uuid:fdf1b018-c66f-44f8-b2a5-0b5dd8c10b8a
https://api.gbif.org/v1/occurrence/2609067098	http://purl.org/pav/hasVersion	hash://sha256/616ce3a3506fe282d8d32ffeeccc2fa5e7def657dde73f7581851b7aed47bc0d	urn:uuid:2d533314-f27c-4935-a49b-eb743464e270
https://inaturalist-open-data.s3.amazonaws.com/photos/17184069/original.jpeg?1525191096	http://purl.org/pav/hasVersion	hash://sha256/849e2c05684ba491adf83f82805eb34367a9454a34d5a52c1b4ad2236bfded8b	urn:uuid:89b57152-2bf8-4a07-9373-c409b0fd5f89
https://api.gbif.org/v1/occurrence/1841299460	http://purl.org/pav/hasVersion	hash://sha256/9a415c82c9e1e6202ac544200a84a0beb57f76dc74574dbd488d896292b5f655	urn:uuid:bdadb3cd-fba7-4321-b294-18de9584a932
https://inaturalist-open-data.s3.amazonaws.com/photos/17184138/original.jpeg?1525191161	http://purl.org/pav/hasVersion	hash://sha256/604e24d00a72f8cd5062853f2ae46c98533c40149a0b73336da7d73abe25a473	urn:uuid:2f0d7c8a-cd38-486f-9211-30f4d6a1ccf6
https://api.gbif.org/v1/occurrence/1847429756	http://purl.org/pav/hasVersion	hash://sha256/c18c2b71efa14325e9cb70e2fa2524d3d72102002561ba118d8e1073ac010f12	urn:uuid:d77edf80-f524-45cb-8873-709460154cd4
https://inaturalist-open-data.s3.amazonaws.com/photos/17501313/original.jpeg?1525584033	http://purl.org/pav/hasVersion	hash://sha256/dedee2d10c2ecf43aa3bde40bd4e903f93c56098c1d5ace5f4ba080e6a36648c	urn:uuid:9a0e830b-264c-469c-8f13-3524e72fb662
https://api.gbif.org/v1/occurrence/1847450744	http://purl.org/pav/hasVersion	hash://sha256/80b7e3512a6e4070a1220feab8a1c57a41083d69eaeeee772030d99c32ba32a9	urn:uuid:ba440f95-39e2-43d9-a4b1-6b632c8ddd0f
https://inaturalist-open-data.s3.amazonaws.com/photos/21055395/original.jpeg?1531140439	http://purl.org/pav/hasVersion	hash://sha256/9ed032a159ebaa97a8a5139d44d5dcdc65480b9945d93ce107e1821e632e7cf0	urn:uuid:9080897b-1ef8-4f8e-9f77-5c8a78bd34b5
https://api.gbif.org/v1/occurrence/1883484448	http://purl.org/pav/hasVersion	hash://sha256/ac79b0d7d6699a34f21a60aface1b5fb3ccd0dc8c392d48752e1cdf4ebc82e5e	urn:uuid:ada96ccb-efa5-412d-a680-f031f2d757d1
https://inaturalist-open-data.s3.amazonaws.com/photos/22239637/original.jpeg?1532893801	http://purl.org/pav/hasVersion	hash://sha256/6000d1f90ee76e8ca822a13052858efe2a7657a29d56d4921204c7cfcb0eb0de	urn:uuid:2e68ae61-d0cb-493d-93a7-6e1b86a938d3
https://api.gbif.org/v1/occurrence/1890060281	http://purl.org/pav/hasVersion	hash://sha256/08571f4924241e29bb459572be2f2b5eaa1af85d507dfe463fc700b1ddedb8a5	urn:uuid:8fe6981f-f0b6-47ba-8897-7d75d2d29b83
https://inaturalist-open-data.s3.amazonaws.com/photos/21320184/original.jpeg?1531579614	http://purl.org/pav/hasVersion	hash://sha256/2c125da1f4b90427a78cee7aa0f45f7ee8154b6d6e054f40d90b801a3189510d	urn:uuid:94d285fb-1991-4bb0-84b3-63747479ecbb
https://api.gbif.org/v1/occurrence/1944373119	http://purl.org/pav/hasVersion	hash://sha256/2a1536fd1b3a7d142236e6e62ad0aa7bffa397dfd3dc51b66ca231700fc2a62f	urn:uuid:3db20a3c-d49b-4ace-b37d-e660b7fb4c44
https://inaturalist-open-data.s3.amazonaws.com/photos/20768506/original.jpeg?1530689533	http://purl.org/pav/hasVersion	hash://sha256/3e680146603a19181d49b7067ef5622ebef8c7b796772bcfe4318fa9cb6cc64d	urn:uuid:c934d0a1-1377-4c00-8602-2d6798e5049f
https://api.gbif.org/v1/occurrence/2422814092	http://purl.org/pav/hasVersion	hash://sha256/a352fba160bb33ca52d6257aca6e432e5355fd6684019ccf9062f41763fd9485	urn:uuid:232f62bf-4731-4afe-808a-dddcaf3817f6
https://inaturalist-open-data.s3.amazonaws.com/photos/23223596/original.jpeg?1534420890	http://purl.org/pav/hasVersion	hash://sha256/9b73788026657cff34927b54ffe327b30a44c2b96e242d2aadacad97e34607e3	urn:uuid:bbc5d1db-526f-4d73-a283-91f4b4613ff4
https://api.gbif.org/v1/occurrence/1899757397	http://purl.org/pav/hasVersion	hash://sha256/254814f65aa89c0c78d4227db4dca7ca5d5042b8e2e597f9b9d764e164b48895	urn:uuid:5200dd4a-8a14-491d-b66f-af5695070b43
https://inaturalist-open-data.s3.amazonaws.com/photos/23878639/original.jpeg?1535402128	http://purl.org/pav/hasVersion	hash://sha256/e447f7a84dfa0ceacce0778f3f5d175c35c4398f9cf8db281b94e919dab7166a	urn:uuid:24a451b2-ee9b-4bdf-b1b9-a643d1ea3e9b
https://api.gbif.org/v1/occurrence/1899788800	http://purl.org/pav/hasVersion	hash://sha256/100fb01e0a8d21909f11e36101bbae0e019d2cb00f2355bbf3908c39204d01f9	urn:uuid:8acc55a6-4186-4f17-bf7c-c1fd7c388e49
https://inaturalist-open-data.s3.amazonaws.com/photos/24319775/original.jpeg?1536086190	http://purl.org/pav/hasVersion	hash://sha256/22d0261f9eb1a5353af2afd0d0c015f1dcbe99f3423154235a12c2354f2dd410	urn:uuid:1a6b4a22-83e0-436a-9e11-2efd2798468e
https://api.gbif.org/v1/occurrence/1901071003	http://purl.org/pav/hasVersion	hash://sha256/c8ecbdf2a1ebba12e07a329efc53dfe89a05c7cfcfe0a6d8aaeff952cb3b58a5	urn:uuid:8d923b59-55e9-4fd3-802e-bf59bf0930af
https://inaturalist-open-data.s3.amazonaws.com/photos/24394258/original.jpeg?1536205598	http://purl.org/pav/hasVersion	hash://sha256/8ec6f3a44b482b21895f070a03af634425545e996aa264187d580faa15329f14	urn:uuid:f8b91e91-3124-46c0-9711-00b257715cef
https://api.gbif.org/v1/occurrence/1901080398	http://purl.org/pav/hasVersion	hash://sha256/4ca73fbb1b7b8f27de640930434619131365d84211ca2927104b2e8db98dd33f	urn:uuid:bf52124b-a3f2-49b7-8459-b03a1522dc1d
https://inaturalist-open-data.s3.amazonaws.com/photos/24571960/original.jpeg?1536476303	http://purl.org/pav/hasVersion	hash://sha256/39dcdc5c09002f298d6d8693ba4189cc082668ba1c4a6457f2a37d59af79dfce	urn:uuid:a3693562-a569-4ab3-9620-34fb1195380e
https://api.gbif.org/v1/occurrence/1913168476	http://purl.org/pav/hasVersion	hash://sha256/70a30d668bbcd7c7f1d26bcc1b758eb93804d7e5504fb7fc749940e403a74f6c	urn:uuid:e91c1f54-1ce6-44de-93bb-25e3603faa80
https://inaturalist-open-data.s3.amazonaws.com/photos/24571939/original.jpeg?1536476271	http://purl.org/pav/hasVersion	hash://sha256/e6d23d4c748c2f6610333e1c86647a1ce284842baa025cca8a5d58dbcc4ecfbd	urn:uuid:e5d83b30-ef1b-44c1-a8ff-bf4a8e4762be
https://api.gbif.org/v1/occurrence/1913168493	http://purl.org/pav/hasVersion	hash://sha256/161dfdb3c73c3a911aea55af5c57601b74ee928d2253673ce6c0949c3ccf007f	urn:uuid:75f0ada7-2b43-45ae-9ddf-2e93a3aaccde
https://inaturalist-open-data.s3.amazonaws.com/photos/24571921/original.jpeg?1536476241	http://purl.org/pav/hasVersion	hash://sha256/541ab28493fec9c801e1ebbaa8e36ab950446a4686f5362780f105dbad73acb9	urn:uuid:8ae3c133-cae4-4235-929b-0535cbf98d5c
https://api.gbif.org/v1/occurrence/1913168583	http://purl.org/pav/hasVersion	hash://sha256/b72fb0bda7a0842b4adafe2b4687b7a98f39e9e335ba60e0ebd25eeed3469045	urn:uuid:c29e4cfb-9361-4254-a2e1-3b475f5ef788
https://inaturalist-open-data.s3.amazonaws.com/photos/25700031/original.jpeg?1538147790	http://purl.org/pav/hasVersion	hash://sha256/0a8fa408b4731dba822aaec88f80115f46ec5b380906e45a7a67395aceefefa2	urn:uuid:c2929f6b-8f61-49e7-89aa-6f1e2b45b165
https://api.gbif.org/v1/occurrence/1914249595	http://purl.org/pav/hasVersion	hash://sha256/16dd0862242348fb2cb4ca70f62fe625668f89b7e335ac70192ce578f9997b04	urn:uuid:a9815316-6853-4009-80af-2069220ab48f
https://inaturalist-open-data.s3.amazonaws.com/photos/25808981/original.jpeg?1538293800	http://purl.org/pav/hasVersion	hash://sha256/0cb10934006aca5c1635567748c5832e585b7b50737d42ffad7cc2749cafbc3f	urn:uuid:8e166a8b-6ec8-4991-864d-d8741d200a27
https://api.gbif.org/v1/occurrence/1920794512	http://purl.org/pav/hasVersion	hash://sha256/4744980ccd6b847d4a2822b4a5567a336973ee766853a9cb84983c20d17744b9	urn:uuid:0023c9fa-1a02-4864-b7a9-a01776a5fcc9
https://inaturalist-open-data.s3.amazonaws.com/photos/27118725/original.jpeg?1540321988	http://purl.org/pav/hasVersion	hash://sha256/0beccb19e607cdfc78f31aec577a5feeb76adc28a46a909837d3ffb66f647dc0	urn:uuid:2dc0b570-63a2-4b26-8dca-3970986913bc
https://api.gbif.org/v1/occurrence/1932341490	http://purl.org/pav/hasVersion	hash://sha256/6cdd7e26568e0b491a6b9f5ef118b1cadf75a9f06bb18d2699938db4d0bd17c7	urn:uuid:7118aa15-f79c-4732-9e08-6da8d9ee1060
https://inaturalist-open-data.s3.amazonaws.com/photos/27118686/original.jpeg?1540321952	http://purl.org/pav/hasVersion	hash://sha256/159ee5a75ad7964d841142ada452efe5e0c23dda7ee25251dd2a77271f56f39e	urn:uuid:d63daa2c-ce6b-46b6-a56b-e55d247cb2da
https://api.gbif.org/v1/occurrence/1932341617	http://purl.org/pav/hasVersion	hash://sha256/faf3a4cfd84f91d3298b6d87e443c002b9b20df7d563f695aacfd4754cd986df	urn:uuid:cd7eae2f-ac07-4290-b2fd-623eafe0f618
https://inaturalist-open-data.s3.amazonaws.com/photos/28240438/original.jpeg?1542529295	http://purl.org/pav/hasVersion	hash://sha256/bfb0524c061d1a5022b980d1d702ae49ae0f7439ab0fd1935c78ba4ca32e520d	urn:uuid:3c53d421-5266-4953-8fdb-afc2f316e075
https://api.gbif.org/v1/occurrence/1945441946	http://purl.org/pav/hasVersion	hash://sha256/7ac4e79b5e1cc6cd5a521c67a38f91665f16e0f55a8567bccb28eb1a0578ec24	urn:uuid:93650e48-7399-416f-a27c-6d717b341ff3
https://inaturalist-open-data.s3.amazonaws.com/photos/28240458/original.jpeg?1542529339	http://purl.org/pav/hasVersion	hash://sha256/faafc4a58c0623b7ec83874182499445bfea0670976049ff1160b7d791f02aa9	urn:uuid:481d2a6c-f15a-41d9-9580-ac6db2fd1e2f
https://api.gbif.org/v1/occurrence/1945442060	http://purl.org/pav/hasVersion	hash://sha256/bd944595493d4fe1f472a58d20cf655ffd11731c8443d133481ac916e5c0d0cb	urn:uuid:23422b98-98e6-4ec7-93e4-9ca428a6a0b9
https://inaturalist-open-data.s3.amazonaws.com/photos/28424873/original.jpeg?1542985882	http://purl.org/pav/hasVersion	hash://sha256/3c2722829fb0a3aa6e57b8072c675513950d43e8f89cde807231b6e4b687476c	urn:uuid:ec16b373-936a-4dad-a6e0-81397d3ade07
https://api.gbif.org/v1/occurrence/1946318229	http://purl.org/pav/hasVersion	hash://sha256/32aa4ffad094907b5f20e21404d21da9fee6e681d249c0587828d838c1d80dc4	urn:uuid:e8d8701d-e3b4-4ac0-93e1-7476a6a21507
https://inaturalist-open-data.s3.amazonaws.com/photos/6422313/original.jpeg?1488347633	http://purl.org/pav/hasVersion	hash://sha256/c776ec6b0d6ab2e31f5bbfb31ae8a1413119e57d5902594ca7869c07ce64d217	urn:uuid:dbcec28e-356a-4be0-95f4-0c210d94b7c2
https://api.gbif.org/v1/occurrence/1453465230	http://purl.org/pav/hasVersion	hash://sha256/0835152bdbe7051f1b921fa66459f7d4ae6cdb9dce526445736396fa64577240	urn:uuid:eb53f3a6-ef0e-4f43-9ee2-9fb3b0bb4b7c
https://inaturalist-open-data.s3.amazonaws.com/photos/6451594/original.jpeg?1488622694	http://purl.org/pav/hasVersion	hash://sha256/ea51ccf74238c6f315b61b15a7e89b813e76a8d170e32002eecbd796a50abf60	urn:uuid:056249dc-fdce-4af0-9e2b-c30649568601
https://api.gbif.org/v1/occurrence/1453476203	http://purl.org/pav/hasVersion	hash://sha256/c000c906f606135d6e1a5d79dd02dfe91ab947be58e510a2ab4e7007a5496a41	urn:uuid:768db489-17aa-4fb1-a8d5-6a52645c9825
https://inaturalist-open-data.s3.amazonaws.com/photos/6445590/original.jpeg?1488570963	http://purl.org/pav/hasVersion	hash://sha256/6cf79295ca81333e53531eb90d726351640415ce9cd9496c6d543b3b6de43f0e	urn:uuid:c62eda46-e06c-4190-a3a3-265df0619078
https://api.gbif.org/v1/occurrence/1702455823	http://purl.org/pav/hasVersion	hash://sha256/fc18168f1ac8b1e5a86abb0eee4038deb143e42b4b8827bad9c82e63a71ef737	urn:uuid:c2d3f6b1-4683-4b24-a55d-ec1ecf52883e
https://inaturalist-open-data.s3.amazonaws.com/photos/7289772/original.jpeg?1492625140	http://purl.org/pav/hasVersion	hash://sha256/62b667c065af2fa2d92f9594f336716920fca0a0dc394211c46545320aeee5cf	urn:uuid:f31b81ae-ce9c-4ded-88eb-d5629225720d
https://api.gbif.org/v1/occurrence/1500279156	http://purl.org/pav/hasVersion	hash://sha256/b576a6e6ea50f88e55cf6521f6a786fe61e039155518b8779ab14c2d012b59c3	urn:uuid:f045c3a2-e00a-4369-8b02-eecc0dfd711e
https://inaturalist-open-data.s3.amazonaws.com/photos/7240086/original.jpeg?1492528514	http://purl.org/pav/hasVersion	hash://sha256/c3452da15a9fe89e16bbcdbb149d9f2632085e268bc0628863805b62c8b42fab	urn:uuid:fcc12119-7f6a-45cf-a222-643e58e3938a
https://api.gbif.org/v1/occurrence/1837097077	http://purl.org/pav/hasVersion	hash://sha256/93af08d1934eda2fedf9965cc69112aab6e9be103ef207db01ffdcd413c9a447	urn:uuid:edd686dc-ed7c-424d-b257-54cc0fe83618
https://inaturalist-open-data.s3.amazonaws.com/photos/7140892/original.jpeg?1492344943	http://purl.org/pav/hasVersion	hash://sha256/a5ca18ccbd118fc930b987beadc43b4a6b10c5860c33637d583f065a92868ab4	urn:uuid:050270fb-1234-40de-9be3-5d316acd94e6
https://api.gbif.org/v1/occurrence/2429514023	http://purl.org/pav/hasVersion	hash://sha256/73cb82f81da2fe8f8230f03ab3c7ee224f3f9a0e0759f752a5cc29c385309c4e	urn:uuid:76f06000-a99e-486c-ab7a-db1743c33889
https://inaturalist-open-data.s3.amazonaws.com/photos/7693817/original.jpeg?1494260784	http://purl.org/pav/hasVersion	hash://sha256/ae1694c39d4ac2535ebab007df74380f76821241ac04924c2d538ce9569e39ab	urn:uuid:04bcc28d-1334-411a-aca7-2ebfb5d1d2ae
https://api.gbif.org/v1/occurrence/1562911486	http://purl.org/pav/hasVersion	hash://sha256/aaf83e525eba686d3f72fb7f86331b1ee121b40e8624c7dc6216023c839caa0b	urn:uuid:dd991b3d-147d-4a48-8acc-e9b4f90ba7da
https://inaturalist-open-data.s3.amazonaws.com/photos/8014059/original.jpeg?1495713433	http://purl.org/pav/hasVersion	hash://sha256/d682c0708344b531e765142a34b91f49cd0996c2ca9a49cdfd0334ccbc058a2b	urn:uuid:3b7c80a5-a9a3-4725-81ed-770f97a66351
https://api.gbif.org/v1/occurrence/1850991763	http://purl.org/pav/hasVersion	hash://sha256/c584f0b213dd5d36cc628f6c0a3bb3f3d69248f2145fa9709b590a00ffadebbe	urn:uuid:0c9f6881-026b-4707-b131-192ad3f77253
https://inaturalist-open-data.s3.amazonaws.com/photos/9215459/original.jpeg?1500724816	http://purl.org/pav/hasVersion	hash://sha256/7543c61439137b70bcba59ae2d2a7461e44ea93ba35b7d39636ca2b41e909b7f	urn:uuid:6777a144-d5f7-4070-b3dc-bc808169fde7
https://inaturalist-open-data.s3.amazonaws.com/photos/9215466/original.jpeg?1500724859	http://purl.org/pav/hasVersion	hash://sha256/01c73dd83f6a84d050d0e0e352799996ead7f346e70c7cbeaee0e6e3a8ed9db8	urn:uuid:4e38b751-bbe5-431e-8645-251087cfe2c8
https://inaturalist-open-data.s3.amazonaws.com/photos/9215462/original.jpeg?1500724837	http://purl.org/pav/hasVersion	hash://sha256/57d6e02387298291eafbc7119c1bd8b00437f2f50b8e519d8387c6b102a955d6	urn:uuid:484871d1-71e9-4e3d-bbcb-761682050c32
https://api.gbif.org/v1/occurrence/1586100006	http://purl.org/pav/hasVersion	hash://sha256/beb69b4c9e9acf90cef2f4de005121f3878d4fd99fb36dc3a360b6ddbd0487db	urn:uuid:31164927-0e88-4209-8f1e-8f2bf8e4f4c2
https://inaturalist-open-data.s3.amazonaws.com/photos/9861058/original.jpeg?1503150722	http://purl.org/pav/hasVersion	hash://sha256/9f51e7628c0d77b486566ee459970f920321298a734eb1f6ad098b64471203bb	urn:uuid:ebfcb1b4-9511-43b3-b36a-381bd35a3f84
https://api.gbif.org/v1/occurrence/1621781720	http://purl.org/pav/hasVersion	hash://sha256/d42b1708ff718a89d5cb07d36756081bb1e9f652629cf7dc514b25b60ea514b8	urn:uuid:3099bce3-481f-41ba-91fc-43d94c33140c
https://inaturalist-open-data.s3.amazonaws.com/photos/9977947/original.jpeg?1503582037	http://purl.org/pav/hasVersion	hash://sha256/0cd6c689d0d17665e947bd67b7ad333ca44659dd0f3b10e8e5c91bbb74255c57	urn:uuid:3b1d64b9-7906-4917-8693-8452b6a187ef
https://api.gbif.org/v1/occurrence/1640049304	http://purl.org/pav/hasVersion	hash://sha256/a633eb0a2ac2810fe4180ff6c4e9186248f25e9133719f5cc6c6538b7a1298ce	urn:uuid:f4da7aab-560a-499f-8ba4-17ce76b1cfc2
https://inaturalist-open-data.s3.amazonaws.com/photos/9786511/original.jpeg?1502823006	http://purl.org/pav/hasVersion	hash://sha256/0250fba9ccdaefe14ef5e5d5a660be4d960c0becce03745da14ef344cc089350	urn:uuid:f5eefd8d-ec42-4d51-bdcf-4eb88b41a714
https://api.gbif.org/v1/occurrence/1850993139	http://purl.org/pav/hasVersion	hash://sha256/a7b9b52bcac019a74649b6ca0837932df8eb15238839c1a90267186d498dc75a	urn:uuid:5aafdbc0-2c4b-40b6-a975-572ea40fe7dd
https://inaturalist-open-data.s3.amazonaws.com/photos/10176295/original.jpg?1504372667	http://purl.org/pav/hasVersion	hash://sha256/23966c9d8a2f136201c37f69a954bff24fdaf71a7ec5c83c229e40ef73e779d2	urn:uuid:5b915a9d-8798-4360-8f3b-0ad5b5bde972
https://api.gbif.org/v1/occurrence/1640083876	http://purl.org/pav/hasVersion	hash://sha256/3826ea4b4172686883d18277183d412b24d8138b323af1385e025e3529f3bc54	urn:uuid:3d5031ed-ba34-45f8-8045-31f501a56cad
https://inaturalist-open-data.s3.amazonaws.com/photos/10490310/original.jpeg?1505562528	http://purl.org/pav/hasVersion	hash://sha256/d626b44b18484f0bca6c2e7f9e61cd5d320f8341e3596dfda577a32a18838d28	urn:uuid:cb5af8c7-bb21-4566-b803-4d614b1480d0
https://api.gbif.org/v1/occurrence/1668815840	http://purl.org/pav/hasVersion	hash://sha256/c545b8a5ddef33d1cd211a3ceff2642f2d0db5287c4d4362aff705a2aa1568ce	urn:uuid:7d56ede4-eb59-4d29-8827-d524f70398f5
https://inaturalist-open-data.s3.amazonaws.com/photos/10581953/original.jpeg?1505847817	http://purl.org/pav/hasVersion	hash://sha256/df2395a729b8749502d53f328b16b424d17be0a41679ecf3b7e00fa655ff79ae	urn:uuid:794217e3-f9c4-4add-b16e-806621a40d60
https://api.gbif.org/v1/occurrence/1668832655	http://purl.org/pav/hasVersion	hash://sha256/31af5c079a583833eea7dc9aae4bc8219aadcbcaef0061a9e4ab59aeedcc010c	urn:uuid:5c490ea4-a146-4c87-ac56-8c6ca553f3cf
https://inaturalist-open-data.s3.amazonaws.com/photos/10722617/original.jpeg?1506339750	http://purl.org/pav/hasVersion	hash://sha256/21b6e02be994147d8a74135946b2314f27b39e5e4ba58f18ec68a5b8eb56b4a7	urn:uuid:eee316e3-7782-4ae0-adec-22204ece2eeb
https://api.gbif.org/v1/occurrence/1668856684	http://purl.org/pav/hasVersion	hash://sha256/758855ef0676cb95c31313e33663ce7cd06a7f7f91210f42e7504f5441955a72	urn:uuid:7ae9da49-2063-47ab-b8c5-b4a42416af0b
https://inaturalist-open-data.s3.amazonaws.com/photos/11529148/original.jpeg?1509387224	http://purl.org/pav/hasVersion	hash://sha256/0d14b80b82de1517f34f7ffc7cc8fc315c14af948ef6512bd540d88ade41e04b	urn:uuid:b5559dfd-a9ec-49c5-aa12-17a301271220
https://api.gbif.org/v1/occurrence/1699383284	http://purl.org/pav/hasVersion	hash://sha256/da67d4c816b4902f409780ba5ced8c5e4a87b094316def1496cc4cdfbefdd3c4	urn:uuid:d4d8c28f-40f8-491a-a419-e685eed9da24
https://inaturalist-open-data.s3.amazonaws.com/photos/11528920/original.jpeg?1509386677	http://purl.org/pav/hasVersion	hash://sha256/872217e912141f980449509eb302c61010e7553122bb4d05be52cff6c4c0dce6	urn:uuid:f29e0b7f-6a91-4e3b-b7ab-fcb07401e147
https://api.gbif.org/v1/occurrence/1699383370	http://purl.org/pav/hasVersion	hash://sha256/6c3c42d631d7dd3cadb4f5c3d06f05b11b0f71cf368063b74ea02ae7007c1ea6	urn:uuid:b806609a-2ed8-4192-8c1c-983c7dec7c5a
https://inaturalist-open-data.s3.amazonaws.com/photos/11528786/original.jpeg?1509386419	http://purl.org/pav/hasVersion	hash://sha256/eace11fe040833a1a2acdb93b9e98f9a6b2a6e076a3e498ec2e91b15412b711a	urn:uuid:66593109-cd51-4265-80ae-6ae9c152f08e
https://api.gbif.org/v1/occurrence/1836692548	http://purl.org/pav/hasVersion	hash://sha256/2cbba0cb9a06f112f1f3f5c92ea40ba0f39f6fa91df3c7948076df4b7399536a	urn:uuid:43a98f01-d90c-49b2-9e96-6800025a6747
https://inaturalist-open-data.s3.amazonaws.com/photos/10982878/original.jpeg?1507293602	http://purl.org/pav/hasVersion	hash://sha256/2b956d92133eb28a2f3c230f83fcbef067e3734734267743e21db1dce085de4e	urn:uuid:80898c0c-a741-4c19-9b53-54f89b85a783
https://api.gbif.org/v1/occurrence/1847639980	http://purl.org/pav/hasVersion	hash://sha256/f979c2bb9dc560e9155cfe60b7600562fb3ad4dda9cbe26844df13e30deda09b	urn:uuid:0f2d0186-640a-4327-8197-c58619bb74e9
https://inaturalist-open-data.s3.amazonaws.com/photos/11016935/original.jpeg?1507409721	http://purl.org/pav/hasVersion	hash://sha256/7aa1a7a4dc28093369408e638ce94c14dc3445c39758d72c0e8d39e8e1ab8759	urn:uuid:ea0debf3-4605-4c3b-a6fb-5d80333a4656
https://api.gbif.org/v1/occurrence/1848817338	http://purl.org/pav/hasVersion	hash://sha256/2dee24cf2dbe0c25ffecdbfc7a04e68c22b717267253b9c4e93cde196f8fdc23	urn:uuid:092064d8-3561-41ad-a75a-7d72c0f4fd33
https://inaturalist-open-data.s3.amazonaws.com/photos/11651421/original.jpeg?1509890007	http://purl.org/pav/hasVersion	hash://sha256/399c964e61aa78a4c2ec1228959d7a937129896ad1307c003a12e8645a3b5df7	urn:uuid:7d835d18-c3fe-4ed1-8db7-5b18fac7c862
https://api.gbif.org/v1/occurrence/1702470973	http://purl.org/pav/hasVersion	hash://sha256/29d55205055bf5485406f671855aa2bfcb02ec4980efb84e49782abd393659eb	urn:uuid:37f5b067-00ec-46d7-b31e-dbcc96c5f47b
https://inaturalist-open-data.s3.amazonaws.com/photos/12084138/original.jpeg?1511871603	http://purl.org/pav/hasVersion	hash://sha256/98f2018710580b6dcab85ce15afe17f6d7467cfeaca926ee06d24f0f7a2d5b6d	urn:uuid:8ec95b5e-660a-448c-a9f4-ded6a4ad8864
https://api.gbif.org/v1/occurrence/1703218579	http://purl.org/pav/hasVersion	hash://sha256/3b7e02ce1c58daa8cc42b170313e1946f00933eea6d8f873061d7d7e238a0df3	urn:uuid:5ededcc9-122a-4ffa-8a5c-426bce8f2510
https://inaturalist-open-data.s3.amazonaws.com/photos/12084135/original.jpeg?1511871592	http://purl.org/pav/hasVersion	hash://sha256/69d9cf311312043372ea31eea46e946be8bab06e7fd8faa4aef695f98b658085	urn:uuid:c3aff0a5-2acb-4a21-9c18-197dea1c4f8b
https://api.gbif.org/v1/occurrence/1703218600	http://purl.org/pav/hasVersion	hash://sha256/247819f9cc79f7507b28f691628d46de758b419684dba14d2a1c84c0ba517476	urn:uuid:e5f2d268-1bad-4db0-a3bf-66affa02dff5
https://inaturalist-open-data.s3.amazonaws.com/photos/11892553/original.jpeg?1511025139	http://purl.org/pav/hasVersion	hash://sha256/e7782683b12f248c5a5be37eedc08a5cb21f368d77370097425df60e2381316b	urn:uuid:88772e60-85bc-4113-9881-33b8e41ae2e5
https://api.gbif.org/v1/occurrence/1850994089	http://purl.org/pav/hasVersion	hash://sha256/388b37d9d66b500198a9952b0b371b35afc74bb4158de9eee0f6e743b67c3e49	urn:uuid:3016c101-82be-4576-989b-edb06f8a3632
https://inaturalist-open-data.s3.amazonaws.com/photos/11892801/original.jpeg?1511026132	http://purl.org/pav/hasVersion	hash://sha256/fa69678fb639171068e8d8918a07663e32a8b7c13033c278e3c0b05418f9601e	urn:uuid:d2b1e655-a9f6-463f-8bf0-48a70a116e53
https://api.gbif.org/v1/occurrence/1944424346	http://purl.org/pav/hasVersion	hash://sha256/f6df45350755a9964eafd3da31d2eda3a645063e94399923817122d8c35edd66	urn:uuid:0d23c406-92e8-4a79-a741-0600bad48871
https://inaturalist-open-data.s3.amazonaws.com/photos/4153824/original.JPG?1467406606	http://purl.org/pav/hasVersion	hash://sha256/595776b7b9e624fdb024294cbdd1fef38f3966a2220c179277c6b2daadf26ce3	urn:uuid:40785b97-4c27-4247-a68d-6f2a58f3c493
https://api.gbif.org/v1/occurrence/1668791998	http://purl.org/pav/hasVersion	hash://sha256/dab9e730b336992317a24f048af583d3ba927721cf721e20b8ed32fed7a9fee6	urn:uuid:badc2440-de53-4ec1-bb9f-76a2b65f96af
https://inaturalist-open-data.s3.amazonaws.com/photos/4204426/original.JPG?1467892172	http://purl.org/pav/hasVersion	hash://sha256/c21808aa816700ca0cd6e498997295123b2b449fc43da49d0e24507e3b5b6415	urn:uuid:63289dc8-d144-4b62-a826-1c4aee6538ff
https://api.gbif.org/v1/occurrence/1847629399	http://purl.org/pav/hasVersion	hash://sha256/b73bf7e22a4f61b2607b58289962ed2284cf82e37dccdc08571e4b88da327f3c	urn:uuid:220345fc-ee85-4638-b88f-f1ca938e888f
https://inaturalist-open-data.s3.amazonaws.com/photos/4227225/original.JPG?1468137068	http://purl.org/pav/hasVersion	hash://sha256/904bdd2258d6cab4f12756feacb8b8ac97b7e434ae98bdab69e1ef631cfb957c	urn:uuid:8facee9d-4e06-42ef-b3d7-962b2a6d7c38
https://api.gbif.org/v1/occurrence/1847629427	http://purl.org/pav/hasVersion	hash://sha256/385c826d5a8519fca2dc96cc400d1cbed9ad70f0a0029c7dd40f9b062bed21ce	urn:uuid:85abc0b0-e68c-479d-9fb0-c457a3467fe5
https://inaturalist-open-data.s3.amazonaws.com/photos/4253973/original.JPG?1468433681	http://purl.org/pav/hasVersion	hash://sha256/7a6c50e30039cf28512ef0cd0c81be1bfbed36c4a857d462e8d82a540bc961b1	urn:uuid:97d7cac0-bce7-424a-8143-96310797f6ab
https://api.gbif.org/v1/occurrence/1847629454	http://purl.org/pav/hasVersion	hash://sha256/ae9eca594673fe2f3908369aea88227ce348242420b36b405dc65f4320effeea	urn:uuid:46e5f081-8532-440f-9cd3-dad69640fe87
https://inaturalist-open-data.s3.amazonaws.com/photos/4236597/original.JPG?1468221412	http://purl.org/pav/hasVersion	hash://sha256/d888d80b8c043a4c269d382e6f42fc7ed565929ca59bffb559c07f92663aa243	urn:uuid:dd9eb676-a286-4465-9573-7a0beda640b4
https://api.gbif.org/v1/occurrence/1913716468	http://purl.org/pav/hasVersion	hash://sha256/e9a1c0c5b6e78ee822bef572c597d15894dcf4824169e62c26a44a6ebdd714bd	urn:uuid:e41b4b94-997c-4ed4-a4c6-e0bac87f2ea3
https://inaturalist-open-data.s3.amazonaws.com/photos/4615461/original.jpeg?1471673417	http://purl.org/pav/hasVersion	hash://sha256/40260f2fe2e7b707ef977309a46f345062934d867db51357e0d0ccb3542dc847	urn:uuid:7ddad82e-1752-4249-8621-f83f68069a88
https://api.gbif.org/v1/occurrence/1305149082	http://purl.org/pav/hasVersion	hash://sha256/f2611a1c88d501d910a8ff7763a21ce9169ec85be57ae72492da80f33d14cd92	urn:uuid:97b86962-8402-41bc-8dfe-afa3ad277e08
https://inaturalist-open-data.s3.amazonaws.com/photos/4674835/original.jpeg?1472188244	http://purl.org/pav/hasVersion	hash://sha256/42cf46f5363dfdd7cc8fe9d15d05df03d9132c4328c75d9edf7d0e462fab1a52	urn:uuid:b93c9e06-08de-40e1-86c5-be35add85779
https://api.gbif.org/v1/occurrence/1305162451	http://purl.org/pav/hasVersion	hash://sha256/f4d927d45d1ccfedd21fd23a56caf9a8984647a32623381967adcb96464f503d	urn:uuid:3e8fe282-80f9-4dd4-aaec-d455059cbc2d
https://inaturalist-open-data.s3.amazonaws.com/photos/5191174/original.jpeg?1476186167	http://purl.org/pav/hasVersion	hash://sha256/df68cd488ceace4914b5498a46934fca113000a9b6a077ead8601134e6103569	urn:uuid:db3862ef-ecfe-4af2-9f27-0ae8877f262f
https://api.gbif.org/v1/occurrence/1453134280	http://purl.org/pav/hasVersion	hash://sha256/4fb13db6d84357aec650cd21c3adb553c03acc3afa6118157dcaaa44939ec10a	urn:uuid:85ab5359-60e3-4662-a690-ba906654caec
https://inaturalist-open-data.s3.amazonaws.com/photos/5246587/original.jpeg?1476679736	http://purl.org/pav/hasVersion	hash://sha256/d70b45a08c5bdad631288cdd3a09b6d1dd10a2cf006dcc9878c74c15e096ff48	urn:uuid:0ec2e88f-90d3-454b-97a0-6a2d0a928b60
https://api.gbif.org/v1/occurrence/1453148392	http://purl.org/pav/hasVersion	hash://sha256/e1bdd7ce3fccdf437d3327d5ade3cc9626f361208eda1ea89fc60809be51a871	urn:uuid:396f42f3-dbbd-41ea-acd9-3597ef886dbc
https://inaturalist-open-data.s3.amazonaws.com/photos/5246644/original.jpeg?1476680285	http://purl.org/pav/hasVersion	hash://sha256/1866e9b1410c8db6998577a6697b302536d53dfab9c7661ca98d458d9e38b059	urn:uuid:23325ef3-89bc-4cf4-95c0-79aad6e5fd00
https://api.gbif.org/v1/occurrence/1453148416	http://purl.org/pav/hasVersion	hash://sha256/7b9ed9674cad6c95251befcb6460b0f878f75fc5da35a3321fe080eb4d287dee	urn:uuid:4a2cb350-b346-4e2d-ad41-b7fcc3e81ea7
https://api.gbif.org/v1/occurrence/1646884471	http://purl.org/pav/hasVersion	hash://sha256/1b770ec65953642d9ecd1593ff7aebf28d45c8c4d88877a6044f55f0696dbe26	urn:uuid:fbe41a05-98e0-4eea-a99f-98cb990c5417
https://api.gbif.org/v1/occurrence/1646884526	http://purl.org/pav/hasVersion	hash://sha256/59eb575f812b2c9c3e0544c771f760e4868208dc8a25eda8e88c6623c7625255	urn:uuid:88ea578d-526b-4aa7-aee5-a9cebd52e407
https://api.gbif.org/v1/occurrence/1646884565	http://purl.org/pav/hasVersion	hash://sha256/9fe852e5ce13e357021083df69f7e61c53abd0bfdd65f5cf00fe60fce73a09fd	urn:uuid:b48ec3ce-303d-43c4-844a-2c4536ea9e0b
https://api.gbif.org/v1/occurrence/1646884572	http://purl.org/pav/hasVersion	hash://sha256/59b74bcd0b8c24404f1bcb5c426abf32c1cc6ac27018fb9aeb398565f69a3755	urn:uuid:922661ef-276b-4b85-83fb-175979efdea7
https://inaturalist-open-data.s3.amazonaws.com/photos/5251197/original.jpeg?1476724781	http://purl.org/pav/hasVersion	hash://sha256/482a31fc6fec5af107c37a2ed999929061bf80679361f8826899e8b161ca0c79	urn:uuid:f41140e6-984a-41b4-b77f-43ed1bba711a
https://api.gbif.org/v1/occurrence/1668794336	http://purl.org/pav/hasVersion	hash://sha256/970cb5a78c943f5597aca6801e658b7292530a060d4ba78ddd2197ebd3be7b60	urn:uuid:4397ac1b-8ea1-469a-ac82-d2a81400ba77
https://inaturalist-open-data.s3.amazonaws.com/photos/5246706/original.jpeg?1476680697	http://purl.org/pav/hasVersion	hash://sha256/22c6ffe4a6262b9e5217073533cfd5c8a2dedbd52f88895dec1ac96ac74ac615	urn:uuid:de9cacb6-ac29-4caa-9546-4ae702a56ea3
https://api.gbif.org/v1/occurrence/1802613011	http://purl.org/pav/hasVersion	hash://sha256/9b400edd1a64887be3a164af4f52880df3c8d8ea7ef4d5fe5e0a9fa3d8bc64a3	urn:uuid:c67bba6a-7fc7-4abb-bb08-4320e5d5fdb0
https://inaturalist-open-data.s3.amazonaws.com/photos/5246462/original.jpeg?1476678399	http://purl.org/pav/hasVersion	hash://sha256/6ad671ba058b1363e54e89520dd276dddd5ab0dc46262a160424ff9f27c2382f	urn:uuid:87115095-e5d6-4463-948d-b97da39fa2ba
https://api.gbif.org/v1/occurrence/1802613013	http://purl.org/pav/hasVersion	hash://sha256/771150a0e8f6ea4be36f4c6307ab8fbe0b00efc0456de1e874c82d065190823d	urn:uuid:e7669c68-88fc-458e-9e03-ff03ffecb814
https://inaturalist-open-data.s3.amazonaws.com/photos/5814167/original.jpeg?1481743141	http://purl.org/pav/hasVersion	hash://sha256/bae471d2372619852569772df877b36691473e377ef15f622a4985f2dc0cfa0b	urn:uuid:c134e90c-652e-4265-bdec-aef572325ced
https://api.gbif.org/v1/occurrence/1847631445	http://purl.org/pav/hasVersion	hash://sha256/cb2f7829a12e51f80ee5091b6f7a72b23a897ac94eb36a15a8341fdfe737d598	urn:uuid:a3ea36dd-65d0-4945-ac3e-4a69dbdf6842
https://inaturalist-open-data.s3.amazonaws.com/photos/5685546/original.jpeg?1480763964	http://purl.org/pav/hasVersion	hash://sha256/939f226d56f56089467e717ae726cf9abf7e8e3c7cce9d220c3324d8321de033	urn:uuid:c02acf90-8ad8-4e42-85ec-225d0bd5ce3e
https://api.gbif.org/v1/occurrence/1883568115	http://purl.org/pav/hasVersion	hash://sha256/d3ea300ca2c1029b7b6eb5dc0baba3df1d455b5e7edcdcc2fe388d55404ba6ce	urn:uuid:8d088e28-098a-40fb-8341-98306593b9bd
https://inaturalist-open-data.s3.amazonaws.com/photos/5712545/original.jpeg?1481042006	http://purl.org/pav/hasVersion	hash://sha256/38b1a3fdf40a26be8868393335d6cef1af318a885d6dba085d3a181db5f21b42	urn:uuid:3b676c7a-cca4-4af8-b06e-a0e7cb20b7db
https://inaturalist-open-data.s3.amazonaws.com/photos/5711797/original.jpeg?1481028412	http://purl.org/pav/hasVersion	hash://sha256/39427a14f1ee86c5737c68df3cd853f990b7678b9f6eaca0745adc434436f535	urn:uuid:bb046aa0-087f-4f95-8e1b-1bc3ddee5d08
https://inaturalist-open-data.s3.amazonaws.com/photos/5712546/original.jpeg?1481042007	http://purl.org/pav/hasVersion	hash://sha256/c19af80d41b4f835f3aa6820b34be3ee0c6e85dfb826ea8c3bb2d9f3f3ae4ac6	urn:uuid:9419b239-2e57-4c49-8cbd-1509bbf1fbca
https://api.gbif.org/v1/occurrence/2397706525	http://purl.org/pav/hasVersion	hash://sha256/180be55535890386350210244a771a1b731e0ea0da2905dfc6d03cc042442bc7	urn:uuid:3012f477-ed65-4150-ba04-deb4a67b48ca
https://inaturalist-open-data.s3.amazonaws.com/photos/1560342/original.jpg?1424187550	http://purl.org/pav/hasVersion	hash://sha256/dd64981f040669ddf5de29dc74de9810da9b83e4b98a0d484a89aed4fcc3f017	urn:uuid:1ca198ef-2350-41b4-9ce7-fcb8e094d55a
https://api.gbif.org/v1/occurrence/1065613834	http://purl.org/pav/hasVersion	hash://sha256/6d1fc76bc2ad30f91fd4242cebe58587a906239a21d9e508b2215facf762e26b	urn:uuid:b9aaeab5-4a96-4a38-b393-68d66ec454a6
https://inaturalist-open-data.s3.amazonaws.com/photos/1638523/original.jpg?1426849556	http://purl.org/pav/hasVersion	hash://sha256/13d4e66aea7cff64ad84f9be92a9760a8184a286d7fc3c101a64ff4c24d94458	urn:uuid:fc91d11a-8935-44d2-ba70-67a05c472ab0
https://api.gbif.org/v1/occurrence/1946191294	http://purl.org/pav/hasVersion	hash://sha256/d6f3ac85c01260aedb346d8125598c8c449a02c974649b2db2afa9980bc2fbe5	urn:uuid:008173f8-6e97-46bb-a648-c58945815709
https://inaturalist-open-data.s3.amazonaws.com/photos/1750085/original.jpg?1429713137	http://purl.org/pav/hasVersion	hash://sha256/a1370bb00306401f1fb039e4c127016fd6f7db11ef1706650f7c46efb0804c31	urn:uuid:1100a035-f399-475b-9a28-0e5a9a4e364d
https://api.gbif.org/v1/occurrence/1273840237	http://purl.org/pav/hasVersion	hash://sha256/2e334ea5ff14d03afd42024edafba0a1a5eddc4572b12dfbb106391deabdc574	urn:uuid:6ad73f13-c21f-4484-b814-15d888b01796
https://inaturalist-open-data.s3.amazonaws.com/photos/2429454/original.jpg?1443162864	http://purl.org/pav/hasVersion	hash://sha256/dbcfed1229e490502ada89fbe95fd10720787e28f0eaee69737f45db3f749ad9	urn:uuid:919717e1-1ad0-47de-bf04-78da62331e9a
https://api.gbif.org/v1/occurrence/1143553027	http://purl.org/pav/hasVersion	hash://sha256/32b3a43786609e2b3d47c8f12023cb2ee0ca70ef6017da6b766eaf5a57f6433d	urn:uuid:4d254ecb-7093-4822-8d8e-4f6cb766de34
https://inaturalist-open-data.s3.amazonaws.com/photos/2770017/original.jpeg?1449985850	http://purl.org/pav/hasVersion	hash://sha256/c5a532462a486421710509de4e0e1761f400885481df409a73b3a2bde24535a1	urn:uuid:ac05aeae-b055-45a9-85f5-0d0b0bbc6efc
https://api.gbif.org/v1/occurrence/1227750412	http://purl.org/pav/hasVersion	hash://sha256/f56897283b3a36eb7931267fdbead2ef56a2fe6062deafa048ad151dccd0523d	urn:uuid:78b785a0-470f-4e38-99e8-408354fef4e2
https://inaturalist-open-data.s3.amazonaws.com/photos/2770014/original.jpeg?1449985804	http://purl.org/pav/hasVersion	hash://sha256/43929c0d4ff65be723acd79c1a035615cce2813cac759134f00156a7b52f1465	urn:uuid:37804ad5-d217-4485-b92e-2ede2b40a27a
https://api.gbif.org/v1/occurrence/1227750434	http://purl.org/pav/hasVersion	hash://sha256/f121e81d75d5a7134841268e1f9ed6b668dbdf1439132a05ea17b847ce09f3d1	urn:uuid:3a3db2c8-9b80-48c8-abd7-3ed593a46115
https://inaturalist-open-data.s3.amazonaws.com/photos/2764043/original.jpeg?1449861424	http://purl.org/pav/hasVersion	hash://sha256/dde9d51d29213b9d005377d8d1f7da5df23ee37c94cfe6fefe00623aaf15af0d	urn:uuid:0b7656e4-85fb-4018-829b-ff1ddea23967
https://api.gbif.org/v1/occurrence/1273841763	http://purl.org/pav/hasVersion	hash://sha256/d4828dd37f1af6a043bbc34c8e31f9e5462f4474aadcac9ab28e9da7f049436f	urn:uuid:dff89bad-d0dd-4d4e-96de-b6c2ec6d635a
https://inaturalist-open-data.s3.amazonaws.com/photos/5814845/original.jpg?1481748566	http://purl.org/pav/hasVersion	hash://sha256/276f744293e65c02c8790a2ae3bc6cd926834884fa85eac06a64129f208adb74	urn:uuid:3197bebb-b2ca-4ad9-a9bf-7611418ae400
https://api.gbif.org/v1/occurrence/1453287552	http://purl.org/pav/hasVersion	hash://sha256/bb159deca5e6da77e1fb69b495d754b4298760a0806f0c413af81957352b42f5	urn:uuid:dd55f05a-d51f-4bdb-be8b-ff27bf0ab89a
https://inaturalist-open-data.s3.amazonaws.com/photos/1416023/original.jpg?1418307406	http://purl.org/pav/hasVersion	hash://sha256/2f1514d3cd916df61f189dbf5985da2b6ba252ca35ed924d4816d54ed5c03986	urn:uuid:df5678ac-b3db-4832-abb6-943a9d328318
https://api.gbif.org/v1/occurrence/1273839346	http://purl.org/pav/hasVersion	hash://sha256/cec0a2ad6859116f39108c51b94410f57f55b4ea03ae72ddcb9aab561acf57e6	urn:uuid:ab7f7163-6d5f-4d62-a6a5-e7635ee808aa
https://api.gbif.org/v1/occurrence/871683141	http://purl.org/pav/hasVersion	hash://sha256/3a6ca7e0000b65e073c9181dd884c9794793040b1e565963f39b9912871ad987	urn:uuid:83e4cbe1-5ef3-46b8-bb3b-99e610275cf7
